username|trade_count|bank_name|location_string|trade_type|temp_price|source|coin|Timestamp
lsh09080200|100+|BANCARIBE|Venezuela|ONLINE_BUY|101322145252.32|LocalBitcoin|bitcoin|2021-03-11 11:22:20.221053
linyawuzheng520|100+|BANESCO|Venezuela|ONLINE_BUY|100100000000.00|LocalBitcoin|bitcoin|2021-03-11 11:22:20.221053
Jhonglervivasm5|30+|BANESCO|Venezuela|ONLINE_BUY|99204850598.15|LocalBitcoin|bitcoin|2021-03-11 11:22:20.221053
Jhonglervivasm5|30+|BANESCO|Venezuela|ONLINE_BUY|99204850598.15|LocalBitcoin|bitcoin|2021-03-11 11:22:20.221053
Jhonglervivasm5|30+|BANESCO|Venezuela|ONLINE_BUY|98138131774.51|LocalBitcoin|bitcoin|2021-03-11 11:22:20.221053
franklinrsa|19|MERCANTIL|Venezuela|ONLINE_BUY|98138131774.51|LocalBitcoin|bitcoin|2021-03-11 11:22:20.221053
jennycampos|30+|VENEZUELA|Venezuela|ONLINE_BUY|98100000000.00|LocalBitcoin|bitcoin|2021-03-11 11:22:20.221053
chiquitabella|100+|PROVINCIAL|Caracas, Capital District, Venezuela|ONLINE_BUY|98100000000.00|LocalBitcoin|bitcoin|2021-03-11 11:22:20.221053
xfearless|8|VENEZUELA|Venezuela|ONLINE_BUY|94937975303.60|LocalBitcoin|bitcoin|2021-03-11 11:22:20.221053
Jhonglervivasm5|30+|BANESCO|Venezuela|ONLINE_BUY|94937975303.60|LocalBitcoin|bitcoin|2021-03-11 11:22:20.221053
bittybit42|12|BANESCO|Venezuela|ONLINE_BUY|91136321126.43|LocalBitcoin|bitcoin|2021-03-11 11:22:20.221053
cryptozuelans|500+|BOD|Caracas, Capital District, Venezuela|ONLINE_BUY|87919745086.67|LocalBitcoin|bitcoin|2021-03-11 11:22:20.221053
rogersdesantis|10|‚ö°Pago M√≥vil ‚ö°|Venezuela|ONLINE_BUY|78937192949.06|LocalBitcoin|bitcoin|2021-03-11 11:22:20.221053
asac2410|5|BOD|Maracaibo, Zulia, Venezuela|ONLINE_BUY|76000000000.00|LocalBitcoin|bitcoin|2021-03-11 11:22:20.221053
king_of_local|100+|VENEZUELA|Maracay, Aragua, Venezuela|ONLINE_BUY|46000000000.00|LocalBitcoin|bitcoin|2021-03-11 11:22:20.221053
HelenBauti|30+|BOD|Valle De La Pascua 2350, Gu√°rico, Venezuela|ONLINE_BUY|38450000000.00|LocalBitcoin|bitcoin|2021-03-11 11:22:20.221053
ale24vv|10|BANESCO|Venezuela|ONLINE_BUY|103471725892.69|LocalBitcoin|bitcoin|2021-03-11 11:22:20.221053
GerardoSilva|0|PETRO|Valencia, Carabobo, Venezuela|ONLINE_BUY|106790324519.91|LocalBitcoin|bitcoin|2021-03-11 11:22:20.221053
aeroblue|0|MERCANTIL|Venezuela|ONLINE_BUY|103471725892.69|LocalBitcoin|bitcoin|2021-03-11 11:22:20.221053
cristianmantilla|2|BANESCO|Venezuela|ONLINE_BUY|100271569421.78|LocalBitcoin|bitcoin|2021-03-11 11:22:20.221053
prfranklin01|0|MERCANTIL|Valencia 2001, Carabobo, Venezuela|ONLINE_BUY|43800000000.00|LocalBitcoin|bitcoin|2021-03-11 11:22:20.221053
Luisacordero1|0|BANESCO|Venezuela|ONLINE_BUY|103466529278.83|LocalBitcoin|bitcoin|2021-03-11 11:22:20.221053
JhonyWhite|0|VENEZUELA|Caracas, Capital District, Venezuela|ONLINE_BUY|91136321126.43|LocalBitcoin|bitcoin|2021-03-11 11:22:20.221053
anderson21112529|0|BANESCO|Venezuela|ONLINE_BUY|80000000.00|LocalBitcoin|bitcoin|2021-03-11 11:22:20.221053
yumayuza|1000+|MERCANTIL|Valencia 2001, Carabobo, Venezuela|ONLINE_BUY|108314000000.00|LocalBitcoin|bitcoin|2021-03-11 11:22:20.221053
Josephnjeru|3000+||Venezuela|ONLINE_BUY|106093399711.30|LocalBitcoin|bitcoin|2021-03-11 11:22:20.221053
louraylin|1000+|VENEZUELA|Venezuela|ONLINE_BUY|105605163539.96|LocalBitcoin|bitcoin|2021-03-11 11:22:20.221053
gabostark1|10 000+|BOD|Venezuela|ONLINE_BUY|103000100000.00|LocalBitcoin|bitcoin|2021-03-11 11:22:20.221053
xxMOISESxx|15 000+|BANESCO|Venezuela|ONLINE_BUY|102465999999.00|LocalBitcoin|bitcoin|2021-03-11 11:22:20.221053
quan28ve|20 000+|BANESCO|Venezuela|ONLINE_BUY|102400000000.00|LocalBitcoin|bitcoin|2021-03-11 11:22:20.221053
BtcGoldMaster|10 000+|BANESCO|Venezuela|ONLINE_BUY|102400000000.00|LocalBitcoin|bitcoin|2021-03-11 11:22:20.221053
chaohong|3000+|BANESCO|Venezuela|ONLINE_BUY|102000555999.00|LocalBitcoin|bitcoin|2021-03-11 11:22:20.221053
lijianchang|15 000+|BANESCO|Venezuela|ONLINE_BUY|102000001000.00|LocalBitcoin|bitcoin|2021-03-11 11:22:20.221053
fengkevin|15 000+|VENEZUELA|Venezuela|ONLINE_BUY|102000000000.00|LocalBitcoin|bitcoin|2021-03-11 11:22:20.221053
edu0406|3000+|MERCANTIL|Venezuela|ONLINE_BUY|102000000000.00|LocalBitcoin|bitcoin|2021-03-11 11:22:20.221053
Mantang|20 000+|PROVINCIAL|Venezuela|ONLINE_BUY|101951000999.00|LocalBitcoin|bitcoin|2021-03-11 11:22:20.221053
Mantang|20 000+|BANESCO|Venezuela|ONLINE_BUY|101911588999.00|LocalBitcoin|bitcoin|2021-03-11 11:22:20.221053
btcmok88|40 000+|PROVINCIAL|Venezuela|ONLINE_BUY|101900000999.99|LocalBitcoin|bitcoin|2021-03-11 11:22:20.221053
FraymarNoguera|15 000+|MERCANTIL|Caracas, Capital District, Venezuela|ONLINE_BUY|101900000000.00|LocalBitcoin|bitcoin|2021-03-11 11:22:20.221053
Jesusnd|1000+|PROVINCIAL|Venezuela|ONLINE_BUY|101900000000.00|LocalBitcoin|bitcoin|2021-03-11 11:22:20.221053
mariolfp24|1000+|MERCANTIL|Venezuela|ONLINE_BUY|101871647657.24|LocalBitcoin|bitcoin|2021-03-11 11:22:20.221053
mariolfp24|1000+|VENEZUELA|Venezuela|ONLINE_BUY|101871647657.24|LocalBitcoin|bitcoin|2021-03-11 11:22:20.221053
btcmok88|40 000+|VENEZUELA|Venezuela|ONLINE_BUY|101850000999.99|LocalBitcoin|bitcoin|2021-03-11 11:22:20.221053
my24|15 000+|PROVINCIAL|Venezuela|ONLINE_BUY|101850000000.00|LocalBitcoin|bitcoin|2021-03-11 11:22:20.221053
my24|15 000+|PROVINCIAL|Venezuela|ONLINE_BUY|101850000000.00|LocalBitcoin|bitcoin|2021-03-11 11:22:20.221053
my24|15 000+|VENEZUELA|Venezuela|ONLINE_BUY|101850000000.00|LocalBitcoin|bitcoin|2021-03-11 11:22:20.221053
josenoguera|20 000+|PROVINCIAL|Caracas, Capital District, Venezuela|ONLINE_BUY|101849000000.00|LocalBitcoin|bitcoin|2021-03-11 11:22:20.221053
yulver|10 000+|VENEZUELA|Venezuela|ONLINE_BUY|101825000000.00|LocalBitcoin|bitcoin|2021-03-11 11:22:20.221053
Mantang|20 000+|BANESCO|Venezuela|ONLINE_BUY|101811366999.00|LocalBitcoin|bitcoin|2021-03-11 11:22:20.221053
Yannel2008|20 000+|BANESCO|Venezuela|ONLINE_BUY|101810000000.00|LocalBitcoin|bitcoin|2021-03-11 11:22:20.221053
atimuziotti|30 000+|BANESCO|Venezuela|ONLINE_BUY|101809000000.00|LocalBitcoin|bitcoin|2021-03-11 11:22:20.221053
lijianchang|15 000+|PROVINCIAL|Venezuela|ONLINE_BUY|101800001000.00|LocalBitcoin|bitcoin|2021-03-11 11:22:20.221053
panchofranco1|50 000+|MERCANTIL|Coro 4101, Falc√≥n, Venezuela|ONLINE_BUY|101800000500.00|LocalBitcoin|bitcoin|2021-03-11 11:22:20.221053
fhc1011|1000+|BANESCO|Venezuela|ONLINE_BUY|101800000000.00|LocalBitcoin|bitcoin|2021-03-11 11:22:20.221053
Jesusnd|1000+|MERCANTIL|Venezuela|ONLINE_BUY|101800000000.00|LocalBitcoin|bitcoin|2021-03-11 11:22:20.221053
Angel1288|20 000+|BOD|Carabobo, Venezuela|ONLINE_BUY|101724450371.15|LocalBitcoin|bitcoin|2021-03-11 11:22:20.221053
Mantang|20 000+|PROVINCIAL|Venezuela|ONLINE_BUY|101711588999.00|LocalBitcoin|bitcoin|2021-03-11 11:22:20.221053
sensan1|1000+|VENEZUELA|Guayana City, Bol√≠var, Venezuela|ONLINE_BUY|101710000000.00|LocalBitcoin|bitcoin|2021-03-11 11:22:20.221053
pejagobla|40 000+|BANESCO|Venezuela|ONLINE_BUY|101708000000.00|LocalBitcoin|bitcoin|2021-03-11 11:22:20.221053
chaohong|3000+|BANESCO|Venezuela|ONLINE_BUY|101705555999.00|LocalBitcoin|bitcoin|2021-03-11 11:22:20.221053
sensan1|1000+|VENEZUELA|Caracas, Capital District, Venezuela|ONLINE_BUY|101701000000.00|LocalBitcoin|bitcoin|2021-03-11 11:22:20.221053
davidzerpav|3000+|MERCANTIL|Lecheria, Anzoategui, Venezuela|ONLINE_BUY|101700000000.00|LocalBitcoin|bitcoin|2021-03-11 11:22:20.221053
davidfilms|3000+|MERCANTIL|Venezuela|ONLINE_BUY|101700000000.00|LocalBitcoin|bitcoin|2021-03-11 11:22:20.221053
kennypual|3000+|BANESCO|Venezuela|ONLINE_BUY|101690000000.00|LocalBitcoin|bitcoin|2021-03-11 11:22:20.221053
Anderduranv|10 000+|BANESCO|Venezuela|ONLINE_BUY|101675000000.00|LocalBitcoin|bitcoin|2021-03-11 11:22:20.221053
CRECELCA|3000+|VENEZUELA|Venezuela|ONLINE_BUY|101650000000.00|LocalBitcoin|bitcoin|2021-03-11 11:22:20.221053
Mantang|20 000+|BANESCO|Venezuela|ONLINE_BUY|101611500999.00|LocalBitcoin|bitcoin|2021-03-11 11:22:20.221053
slaiseca|3000+|MERCANTIL|Venezuela|ONLINE_BUY|101606192000.00|LocalBitcoin|bitcoin|2021-03-11 11:22:20.221053
jeanthony6|15 000+|BOD|Venezuela|ONLINE_BUY|101605000999.00|LocalBitcoin|bitcoin|2021-03-11 11:22:20.221053
Pedronabi|3000+|BOD|Venezuela|ONLINE_BUY|101600000000.00|LocalBitcoin|bitcoin|2021-03-11 11:22:20.221053
ROYLEE12|3000+|PROVINCIAL|Venezuela|ONLINE_BUY|101600000000.00|LocalBitcoin|bitcoin|2021-03-11 11:22:20.221053
jompu|3000+|BANESCO|Caracas, Capital District, Venezuela|ONLINE_BUY|101515000000.00|LocalBitcoin|bitcoin|2021-03-11 11:22:20.221053
Mantang|20 000+|BANESCO|Venezuela|ONLINE_BUY|101511500999.00|LocalBitcoin|bitcoin|2021-03-11 11:22:20.221053
Bujj|10 000+|BANESCO|Caracas, Capital District, Venezuela|ONLINE_BUY|101500000000.00|LocalBitcoin|bitcoin|2021-03-11 11:22:20.221053
richart85|3000+|PROVINCIAL|Caracas, Capital District, Venezuela|ONLINE_BUY|101465000000.00|LocalBitcoin|bitcoin|2021-03-11 11:22:20.221053
josenoguera|20 000+|PROVINCIAL|Venezuela|ONLINE_BUY|101461000000.00|LocalBitcoin|bitcoin|2021-03-11 11:22:20.221053
lijianchang|15 000+|VENEZUELA|Venezuela|ONLINE_BUY|101450001000.00|LocalBitcoin|bitcoin|2021-03-11 11:22:20.221053
eligioclimich|1000+|PROVINCIAL|Venezuela|ONLINE_BUY|101444960127.78|LocalBitcoin|bitcoin|2021-03-11 11:22:20.221053
celc91|10 000+|BANESCO|Venezuela|ONLINE_BUY|101429000000.00|LocalBitcoin|bitcoin|2021-03-11 11:22:20.221053
Mantang|20 000+|MERCANTIL|Venezuela|ONLINE_BUY|101411500999.00|LocalBitcoin|bitcoin|2021-03-11 11:22:20.221053
Pedronabi|3000+|VENEZUELA|Venezuela|ONLINE_BUY|101410000000.00|LocalBitcoin|bitcoin|2021-03-11 11:22:20.221053
panchofranco1|50 000+|MERCANTIL|Coro 4101, Falc√≥n, Venezuela|ONLINE_BUY|101367650250.00|LocalBitcoin|bitcoin|2021-03-11 11:22:20.221053
LuisLopez10|15 000+|BANESCO|Venezuela|ONLINE_BUY|101350000000.00|LocalBitcoin|bitcoin|2021-03-11 11:22:20.221053
Mantang|20 000+|MERCANTIL|Venezuela|ONLINE_BUY|101311500999.00|LocalBitcoin|bitcoin|2021-03-11 11:22:20.221053
jose1168|3000+|BOD|Venezuela|ONLINE_BUY|101124944480.69|LocalBitcoin|bitcoin|2021-03-11 11:22:20.221053
ROYLEE12|3000+|BANESCO|Venezuela|ONLINE_BUY|101100000000.00|LocalBitcoin|bitcoin|2021-03-11 11:22:20.221053
dluisdani|100+|MERCANTIL|Bol√≠var, Venezuela|ONLINE_BUY|101050000000.00|LocalBitcoin|bitcoin|2021-03-11 11:22:20.221053
prjosuearevalo|1000+|MERCANTIL|Venezuela|ONLINE_BUY|101035000000.00|LocalBitcoin|bitcoin|2021-03-11 11:22:20.221053
bitdelnogal|3000+|PROVINCIAL|Caracas, Capital District, Venezuela|ONLINE_BUY|101032100100.00|LocalBitcoin|bitcoin|2021-03-11 11:22:20.221053
bitdelnogal|3000+|MERCANTIL|Caracas, Capital District, Venezuela|ONLINE_BUY|101032100100.00|LocalBitcoin|bitcoin|2021-03-11 11:22:20.221053
gustavoilich|15 000+|PROVINCIAL|M√©rida, Venezuela|ONLINE_BUY|101029000000.00|LocalBitcoin|bitcoin|2021-03-11 11:22:20.221053
lero06|3000+|MERCANTIL|Venezuela|ONLINE_BUY|101010000000.00|LocalBitcoin|bitcoin|2021-03-11 11:22:20.221053
kross000|50 000+|MERCANTIL|Porlamar, Nueva Esparta, Venezuela|ONLINE_BUY|101005999999.99|LocalBitcoin|bitcoin|2021-03-11 11:22:20.221053
3scalant3|3000+|MERCANTIL|Caracas, Capital District, Venezuela|ONLINE_BUY|101000000000.00|LocalBitcoin|bitcoin|2021-03-11 11:22:20.221053
Rafaelsegundo2020|3000+|MERCANTIL|Zulia, Venezuela|ONLINE_BUY|101000000000.00|LocalBitcoin|bitcoin|2021-03-11 11:22:20.221053
Rafaelsegundo2020|3000+|BOD|Zulia, Venezuela|ONLINE_BUY|101000000000.00|LocalBitcoin|bitcoin|2021-03-11 11:22:20.221053
dluisdani|100+|VENEZUELA|Bol√≠var, Venezuela|ONLINE_BUY|101000000000.00|LocalBitcoin|bitcoin|2021-03-11 11:22:20.221053
amaruhern1964|10 000+|BANESCO|Venezuela|ONLINE_BUY|100998000000.00|LocalBitcoin|bitcoin|2021-03-11 11:22:20.221053
JR17|3000+|BANESCO|Venezuela|ONLINE_BUY|100994000000.00|LocalBitcoin|bitcoin|2021-03-11 11:22:20.221053
ericarueda|15 000+|BANESCO|Venezuela|ONLINE_BUY|100993000000.00|LocalBitcoin|bitcoin|2021-03-11 11:22:20.221053
JeanPacheco|30 000+|MERCANTIL|Venezuela|ONLINE_BUY|100990000000.00|LocalBitcoin|bitcoin|2021-03-11 11:22:20.221053
patriciaVivas|10 000+|BANESCO|Venezuela|ONLINE_BUY|100985500000.00|LocalBitcoin|bitcoin|2021-03-11 11:22:20.221053
ReinaBTC|3000+|PROVINCIAL|Caracas, Capital District, Venezuela|ONLINE_BUY|100950000000.00|LocalBitcoin|bitcoin|2021-03-11 11:22:20.221053
hectorin82|1000+|BOD|Caracas, Capital District, Venezuela|ONLINE_BUY|100930000000.00|LocalBitcoin|bitcoin|2021-03-11 11:22:20.221053
Jescarr|3000+|PROVINCIAL|Venezuela|ONLINE_BUY|100919058000.00|LocalBitcoin|bitcoin|2021-03-11 11:22:20.221053
celc91|10 000+|PROVINCIAL|Venezuela|ONLINE_BUY|100910000000.00|LocalBitcoin|bitcoin|2021-03-11 11:22:20.221053
kross000|50 000+|VENEZUELA|Porlamar, Nueva Esparta, Venezuela|ONLINE_BUY|100900999999.99|LocalBitcoin|bitcoin|2021-03-11 11:22:20.221053
robertmartinez1006|3000+|VENEZUELA|Venezuela|ONLINE_BUY|100900000000.00|LocalBitcoin|bitcoin|2021-03-11 11:22:20.221053
nefer15|1000+|VENEZUELA|Venezuela|ONLINE_BUY|100900000000.00|LocalBitcoin|bitcoin|2021-03-11 11:22:20.221053
gdhfis|3000+|PROVINCIAL|Venezuela|ONLINE_BUY|100843405731.44|LocalBitcoin|bitcoin|2021-03-11 11:22:20.221053
gdhfis|3000+|BANESCO|Venezuela|ONLINE_BUY|100808665325.57|LocalBitcoin|bitcoin|2021-03-11 11:22:20.221053
sembtcven|15 000+|VENEZUELA|Venezuela|ONLINE_BUY|100806000003.00|LocalBitcoin|bitcoin|2021-03-11 11:22:20.221053
tanglin80|10 000+|BANESCO|Maracaibo, Zulia, Venezuela|ONLINE_BUY|100804928833.60|LocalBitcoin|bitcoin|2021-03-11 11:22:20.221053
javargas24|30 000+|BOD|Venezuela|ONLINE_BUY|100750000000.00|LocalBitcoin|bitcoin|2021-03-11 11:22:20.221053
fofo_113|3000+|PROVINCIAL|Venezuela|ONLINE_BUY|100748969700.00|LocalBitcoin|bitcoin|2021-03-11 11:22:20.221053
fofo_113|3000+|MERCANTIL|Venezuela|ONLINE_BUY|100748969700.00|LocalBitcoin|bitcoin|2021-03-11 11:22:20.221053
panchofranco1|50 000+|MERCANTIL|Coro 4101, Falc√≥n, Venezuela|ONLINE_BUY|100720000500.00|LocalBitcoin|bitcoin|2021-03-11 11:22:20.221053
Makosrafa|500+|MERCANTIL|Venezuela|ONLINE_BUY|100400000000.00|LocalBitcoin|bitcoin|2021-03-11 11:22:20.221053
vengamers|3000+|BANESCO|Venezuela|ONLINE_BUY|100268500000.00|LocalBitcoin|bitcoin|2021-03-11 11:22:20.221053
vengamers|3000+|VENEZUELA|Venezuela|ONLINE_BUY|100268500000.00|LocalBitcoin|bitcoin|2021-03-11 11:22:20.221053
desireegfl|1000+|BANESCO|Venezuela|ONLINE_BUY|100110682254.21|LocalBitcoin|bitcoin|2021-03-11 11:22:20.221053
camiloernesto|3000+|VENEZUELA|Caracas, Capital District, Venezuela|ONLINE_BUY|100080000000.00|LocalBitcoin|bitcoin|2021-03-11 11:22:20.221053
Robinbert|3000+|PROVINCIAL|Lara, Venezuela|ONLINE_BUY|100005000000.00|LocalBitcoin|bitcoin|2021-03-11 11:22:20.221053
camiloernesto|3000+|VENEZUELA|Caracas, Capital District, Venezuela|ONLINE_BUY|100000000010.00|LocalBitcoin|bitcoin|2021-03-11 11:22:20.221053
FORTALEZA18|15 000+|BANESCO|Venezuela|ONLINE_SELL|205000000000.00|LocalBitcoin|bitcoin|2021-03-11 11:22:52.771099
FORTALEZA18|15 000+|PROVINCIAL|Venezuela|ONLINE_SELL|206000000000.00|LocalBitcoin|bitcoin|2021-03-11 11:22:52.771099
FORTALEZA18|15 000+|BVC|Venezuela|ONLINE_SELL|207000000000.00|LocalBitcoin|bitcoin|2021-03-11 11:22:52.771099
FORTALEZA18|15 000+|BOD|Venezuela|ONLINE_SELL|208000000000.00|LocalBitcoin|bitcoin|2021-03-11 11:22:52.771099
FORTALEZA18|15 000+|BNC|Venezuela|ONLINE_SELL|209000000000.00|LocalBitcoin|bitcoin|2021-03-11 11:22:52.771099
FORTALEZA18|15 000+|BANCARIBE|Venezuela|ONLINE_SELL|210000000000.00|LocalBitcoin|bitcoin|2021-03-11 11:22:52.771099
FORTALEZA18|15 000+|‚ñÑ ‚ñà ‚ñåBANCAMIGA ‚ñå‚ñà ‚ñÑ 5 BTC DISPONIBLES|Venezuela|ONLINE_SELL|211000000000.00|LocalBitcoin|bitcoin|2021-03-11 11:22:52.771099
alfredo_lozada|1000+|PAGOMOVIL|Venezuela|ONLINE_SELL|235531516258.82|LocalBitcoin|bitcoin|2021-03-11 11:22:52.771099
Umbrellacorp28|3000+|PAGOMOVIL|Caracas, Capital District, Venezuela|ONLINE_SELL|266679705908.99|LocalBitcoin|bitcoin|2021-03-11 11:22:52.771099
Sr_vladk|30+|VENEZUELA|Venezuela|ONLINE_SELL|115205632952.69|LocalBitcoin|bitcoin|2021-03-11 11:22:52.771099
Sr_vladk|30+|VENEZUELA|Venezuela|ONLINE_SELL|122672664718.14|LocalBitcoin|bitcoin|2021-03-11 11:22:52.771099
Ampa8695|100+|LEER TERMINOS‚ô•ACEPTANDO NUEVOS Y TERCEROS‚ô•|Venezuela|ONLINE_SELL|99204850598.15|LocalBitcoin|bitcoin|2021-03-11 11:22:52.771099
argenisrgp|30+|VENEZUELA|Venezuela|ONLINE_SELL|102639685210.25|LocalBitcoin|bitcoin|2021-03-11 11:22:52.771099
The_Realtor|3000+|PROVINCIAL|Venezuela|ONLINE_SELL|102767691469.09|LocalBitcoin|bitcoin|2021-03-11 11:22:52.771099
therick|10 000+|VENEZUELA|Venezuela|ONLINE_SELL|102870700700.00|LocalBitcoin|bitcoin|2021-03-11 11:22:52.771099
mundoglobal|1000+|MERCANTIL|Venezuela|ONLINE_SELL|102938366480.87|LocalBitcoin|bitcoin|2021-03-11 11:22:52.771099
daviddae|100+|VENEZUELA|Venezuela|ONLINE_SELL|102980000000.00|LocalBitcoin|bitcoin|2021-03-11 11:22:52.771099
MAUROPEREZ|3000+|BANESCO|Venezuela|ONLINE_SELL|103000000000.00|LocalBitcoin|bitcoin|2021-03-11 11:22:52.771099
cyadvans|1000+|MERCANTIL|Venezuela|ONLINE_SELL|103000000000.00|LocalBitcoin|bitcoin|2021-03-11 11:22:52.771099
ManuelMarinR|1000+|MERCANTIL|Maturin 6201, Monagas, Venezuela|ONLINE_SELL|103000000000.00|LocalBitcoin|bitcoin|2021-03-11 11:22:52.771099
rarias01|500+|VENEZUELA|Venezuela|ONLINE_SELL|103000000000.00|LocalBitcoin|bitcoin|2021-03-11 11:22:52.771099
guillenfv|100+|BANESCO|Venezuela|ONLINE_SELL|103045038363.24|LocalBitcoin|bitcoin|2021-03-11 11:22:52.771099
StephaniCuicas|1000+|BANESCO|Venezuela|ONLINE_SELL|103151710245.60|LocalBitcoin|bitcoin|2021-03-11 11:22:52.771099
morfeo504|3000+|BANESCO|Venezuela|ONLINE_SELL|103198620954.86|LocalBitcoin|bitcoin|2021-03-11 11:22:52.771099
Jacquii25|3000+|MERCANTIL|Venezuela|ONLINE_SELL|103258382127.96|LocalBitcoin|bitcoin|2021-03-11 11:22:52.771099
Jacquii25|3000+|PROVINCIAL|Venezuela|ONLINE_SELL|103258382127.96|LocalBitcoin|bitcoin|2021-03-11 11:22:52.771099
Jhosguar|30+|VENEZUELA|Venezuela|ONLINE_SELL|103258382127.96|LocalBitcoin|bitcoin|2021-03-11 11:22:52.771099
enviaya|500+|BANESCO|Caracas, Capital District, Venezuela|ONLINE_SELL|103471725892.69|LocalBitcoin|bitcoin|2021-03-11 11:22:52.771099
JhonathanPastrana|3000+|Venezuels solo 22.222.000 mil bs|Puerto La Cruz, Anzoategui, Venezuela|ONLINE_SELL|103500000000.00|LocalBitcoin|bitcoin|2021-03-11 11:22:52.771099
valentina2002|100+|VENEZ-MERCA-BBVA m√°x 30000000|Puerto La Cruz, Anzoategui, Venezuela|ONLINE_SELL|103578397775.05|LocalBitcoin|bitcoin|2021-03-11 11:22:52.771099
Poleman1988|1000+|BANESCO|Venezuela|ONLINE_SELL|103685069657.42|LocalBitcoin|bitcoin|2021-03-11 11:22:52.771099
amorillo96|3000+|MERCANTIL|Venezuela|ONLINE_SELL|103791741539.78|LocalBitcoin|bitcoin|2021-03-11 11:22:52.771099
jess16|3000+|MERCANTIL|Venezuela|ONLINE_SELL|103899000000.00|LocalBitcoin|bitcoin|2021-03-11 11:22:52.771099
ratloon|1000+|MERCANTIL|Venezuela|ONLINE_SELL|103900000000.00|LocalBitcoin|bitcoin|2021-03-11 11:22:52.771099
Angelchira|1000+|BANESCO|United Kingdom|ONLINE_SELL|103922630053.68|LocalBitcoin|bitcoin|2021-03-11 11:22:52.771099
Angelchira|1000+|MERCANTIL|United Kingdom|ONLINE_SELL|103922630053.68|LocalBitcoin|bitcoin|2021-03-11 11:22:52.771099
oscr1829|3000+|PROVINCIAL|Venezuela|ONLINE_SELL|103925000000.00|LocalBitcoin|bitcoin|2021-03-11 11:22:52.771099
Nat.Roj18|500+|BANESCO|Venezuela|ONLINE_SELL|104100000000.00|LocalBitcoin|bitcoin|2021-03-11 11:22:52.771099
Elsatoshi_Dark|30+|VENEZUELA|Caracas, Capital District, Venezuela|ONLINE_SELL|104111757186.87|LocalBitcoin|bitcoin|2021-03-11 11:22:52.771099
lero06|3000+|MERCANTIL|Venezuela|ONLINE_SELL|104189000000.00|LocalBitcoin|bitcoin|2021-03-11 11:22:52.771099
ottoniel8|3000+|MERCANTIL|Maracay, Aragua, Venezuela|ONLINE_SELL|104300000000.00|LocalBitcoin|bitcoin|2021-03-11 11:22:52.771099
jquereguan|1000+|BOD|Venezuela|ONLINE_SELL|104325100951.60|LocalBitcoin|bitcoin|2021-03-11 11:22:52.771099
gheremberg|3000+|MERCANTIL|Caracas, Capital District, Venezuela|ONLINE_SELL|104400000000.00|LocalBitcoin|bitcoin|2021-03-11 11:22:52.771099
simonn5|100+|MERCANTIL|Caracas, Capital District, Venezuela|ONLINE_SELL|104431772833.96|LocalBitcoin|bitcoin|2021-03-11 11:22:52.771099
robertoc01|30+|BANESCO|Venezuela|ONLINE_SELL|104431772833.96|LocalBitcoin|bitcoin|2021-03-11 11:22:52.771099
RGdigitalcoins|100+|BOD|Maracaibo, Zulia, Venezuela|ONLINE_SELL|104480000000.00|LocalBitcoin|bitcoin|2021-03-11 11:22:52.771099
Daniel01010|1000+|MERCANTIL|Venezuela|ONLINE_SELL|104480000000.00|LocalBitcoin|bitcoin|2021-03-11 11:22:52.771099
Totolov|20 000+|MERCANTIL|Venezuela|ONLINE_SELL|104490000000.00|LocalBitcoin|bitcoin|2021-03-11 11:22:52.771099
mig74|1000+|MERCANTIL|Venezuela|ONLINE_SELL|104499990000.00|LocalBitcoin|bitcoin|2021-03-11 11:22:52.771099
Joselox29|1000+|BANESCO|Venezuela|ONLINE_SELL|104500000000.00|LocalBitcoin|bitcoin|2021-03-11 11:22:52.771099
Aracely15|1000+|PAGOMOVIL|Venezuela|ONLINE_SELL|104500000000.00|LocalBitcoin|bitcoin|2021-03-11 11:22:52.771099
Joselox29|1000+|PROVINCIAL|Venezuela|ONLINE_SELL|104500000000.00|LocalBitcoin|bitcoin|2021-03-11 11:22:52.771099
albertomartinez1991|500+|MERCANTIL|Venezuela|ONLINE_SELL|104538444716.33|LocalBitcoin|bitcoin|2021-03-11 11:22:52.771099
jquereguan|1000+|MERCANTIL|Venezuela|ONLINE_SELL|104538444716.33|LocalBitcoin|bitcoin|2021-03-11 11:22:52.771099
Wizzardu|70+|MERCANTIL|Venezuela|ONLINE_SELL|104538444716.33|LocalBitcoin|bitcoin|2021-03-11 11:22:52.771099
enviaya|500+|VENEZUELA|Caracas, Capital District, Venezuela|ONLINE_SELL|104538444716.33|LocalBitcoin|bitcoin|2021-03-11 11:22:52.771099
Mavaes|100+|BANESCO|Venezuela|ONLINE_SELL|104538444716.33|LocalBitcoin|bitcoin|2021-03-11 11:22:52.771099
ezeizao|100+|VENEZUELA|Venezuela|ONLINE_SELL|104538444716.33|LocalBitcoin|bitcoin|2021-03-11 11:22:52.771099
Yoshincha|500+|MERCANTIL|Venezuela|ONLINE_SELL|104595800085.00|LocalBitcoin|bitcoin|2021-03-11 11:22:52.771099
Joselox29|1000+|BANCARIBE|Venezuela|ONLINE_SELL|104600000000.00|LocalBitcoin|bitcoin|2021-03-11 11:22:52.771099
CarlosASC|500+|PROVINCIAL|Barinas 5201, Barinas, Venezuela|ONLINE_SELL|104645116598.69|LocalBitcoin|bitcoin|2021-03-11 11:22:52.771099
Joselox29|1000+|VENEZUELA|Venezuela|ONLINE_SELL|104700000000.00|LocalBitcoin|bitcoin|2021-03-11 11:22:52.771099
gtulio1968|20 000+|BANESCO|Venezuela|ONLINE_SELL|104750000000.00|LocalBitcoin|bitcoin|2021-03-11 11:22:52.771099
gustavoilich|15 000+|MERCANTIL|Merida, M√©rida, Venezuela|ONLINE_SELL|104800000000.00|LocalBitcoin|bitcoin|2021-03-11 11:22:52.771099
gustavoilich|15 000+|BANESCO|Merida, M√©rida, Venezuela|ONLINE_SELL|104800000000.00|LocalBitcoin|bitcoin|2021-03-11 11:22:52.771099
rivers5000|1000+|VENEZUELA|Venezuela|ONLINE_SELL|104800000000.00|LocalBitcoin|bitcoin|2021-03-11 11:22:52.771099
rivers5000|1000+|PROVINCIAL|Venezuela|ONLINE_SELL|104800000000.00|LocalBitcoin|bitcoin|2021-03-11 11:22:52.771099
yanez.jl|100+|MERCANTIL|Venezuela|ONLINE_SELL|104887785000.00|LocalBitcoin|bitcoin|2021-03-11 11:22:52.771099
cramirezpernia|10 000+|BANESCO|Venezuela|ONLINE_SELL|104887785000.00|LocalBitcoin|bitcoin|2021-03-11 11:22:52.771099
WinstonManzaba|1000+|BOD|Caracas, Capital District, Venezuela|ONLINE_SELL|104898980000.00|LocalBitcoin|bitcoin|2021-03-11 11:22:52.771099
gustavoilich|15 000+|PROVINCIAL|M√©rida, Venezuela|ONLINE_SELL|104900000000.00|LocalBitcoin|bitcoin|2021-03-11 11:22:52.771099
orianita22|3000+|MERCANTIL|Venezuela|ONLINE_SELL|104900000000.00|LocalBitcoin|bitcoin|2021-03-11 11:22:52.771099
LisandroLeonardi|20 000+|BANESCO|Merida, M√©rida, Venezuela|ONLINE_SELL|104970000000.00|LocalBitcoin|bitcoin|2021-03-11 11:22:52.771099
fbcc15|10 000+|BANESCO|Venezuela|ONLINE_SELL|104990000001.00|LocalBitcoin|bitcoin|2021-03-11 11:22:52.771099
Henry1967|500+|BANCARIBE|Venezuela|ONLINE_SELL|104998000000.00|LocalBitcoin|bitcoin|2021-03-11 11:22:52.771099
Henry1967|500+|BANESCO|Venezuela|ONLINE_SELL|104998000000.00|LocalBitcoin|bitcoin|2021-03-11 11:22:52.771099
Henry1967|500+|VENEZUELA|Venezuela|ONLINE_SELL|104998000000.00|LocalBitcoin|bitcoin|2021-03-11 11:22:52.771099
VLADG79|500+|BANESCO|Caracas, Capital District, Venezuela|ONLINE_SELL|104999000000.00|LocalBitcoin|bitcoin|2021-03-11 11:22:52.771099
LisandroLeonardi|20 000+|PROVINCIAL|Merida, M√©rida, Venezuela|ONLINE_SELL|105000000000.00|LocalBitcoin|bitcoin|2021-03-11 11:22:52.771099
javargas24|30 000+|PROVINCIAL|Venezuela|ONLINE_SELL|105000000000.00|LocalBitcoin|bitcoin|2021-03-11 11:22:52.771099
robinrsg|3000+|PROVINCIAL|Venezuela|ONLINE_SELL|105000000000.00|LocalBitcoin|bitcoin|2021-03-11 11:22:52.771099
Tatarata|10 000+|MERCANTIL|Venezuela|ONLINE_SELL|105000000000.00|LocalBitcoin|bitcoin|2021-03-11 11:22:52.771099
Tatarata|10 000+|BANESCO|Venezuela|ONLINE_SELL|105000000000.00|LocalBitcoin|bitcoin|2021-03-11 11:22:52.771099
wilberlakersbtc|100+|BANESCO|Venezuela|ONLINE_SELL|105000000000.00|LocalBitcoin|bitcoin|2021-03-11 11:22:52.771099
carolaruiz7|3000+|BANESCO|Venezuela|ONLINE_SELL|105180000000.00|LocalBitcoin|bitcoin|2021-03-11 11:22:52.771099
josesanoja1993|3000+|MERCANTIL|Venezuela|ONLINE_SELL|105230405100.00|LocalBitcoin|bitcoin|2021-03-11 11:22:52.771099
meliton1502|3000+|MERCANTIL|Caracas, Capital District, Venezuela|ONLINE_SELL|105340000000.00|LocalBitcoin|bitcoin|2021-03-11 11:22:52.771099
LisandroLeonardi|20 000+|MERCANTIL|Merida, M√©rida, Venezuela|ONLINE_SELL|105380000000.00|LocalBitcoin|bitcoin|2021-03-11 11:22:52.771099
Henry1967|500+|PROVINCIAL|Venezuela|ONLINE_SELL|105415000000.00|LocalBitcoin|bitcoin|2021-03-11 11:22:52.771099
Henry1967|500+|MERCANTIL|Venezuela|ONLINE_SELL|105415000000.00|LocalBitcoin|bitcoin|2021-03-11 11:22:52.771099
alondra84|100+|BANESCO|Caracas, Capital District, Venezuela|ONLINE_SELL|105415599600.00|LocalBitcoin|bitcoin|2021-03-11 11:22:52.771099
alondra84|100+|VENEZUELA|Venezuela|ONLINE_SELL|105415599600.00|LocalBitcoin|bitcoin|2021-03-11 11:22:52.771099
alondra84|100+|150MM BBVA// ACEPTO NVOS/3eros VERIFIKCI√ìN|Caracas, Capital District, Venezuela|ONLINE_SELL|105415599600.00|LocalBitcoin|bitcoin|2021-03-11 11:22:52.771099
alondra84|100+|BOD|Caracas, Capital District, Venezuela|ONLINE_SELL|105415599600.00|LocalBitcoin|bitcoin|2021-03-11 11:22:52.771099
alondra84|100+|MERCANTIL|Caracas, Capital District, Venezuela|ONLINE_SELL|105415599600.00|LocalBitcoin|bitcoin|2021-03-11 11:22:52.771099
Joselox29|1000+|BOD|Venezuela|ONLINE_SELL|105500000000.00|LocalBitcoin|bitcoin|2021-03-11 11:22:52.771099
Nucseusy88|500+|BANESCO|Venezuela|ONLINE_SELL|105511442100.00|LocalBitcoin|bitcoin|2021-03-11 11:22:52.771099
andres_87|10 000+|MERCANTIL|Venezuela|ONLINE_SELL|105562000000.00|LocalBitcoin|bitcoin|2021-03-11 11:22:52.771099
andres_87|10 000+|VENEZUELA|Venezuela|ONLINE_SELL|105568000000.00|LocalBitcoin|bitcoin|2021-03-11 11:22:52.771099
invfrahilanca|500+|BANESCO|Venezuela|ONLINE_SELL|105605163539.96|LocalBitcoin|bitcoin|2021-03-11 11:22:52.771099
Joselecuna65|1000+|BANESCO|Venezuela|ONLINE_SELL|105605163539.96|LocalBitcoin|bitcoin|2021-03-11 11:22:52.771099
kospino|1000+|MERCANTIL|Maracaibo, Zulia, Venezuela|ONLINE_SELL|105605163539.96|LocalBitcoin|bitcoin|2021-03-11 11:22:52.771099
EErikaRodriguez|70+|BANESCO|Valencia 2001, Carabobo, Venezuela|ONLINE_SELL|105605163539.96|LocalBitcoin|bitcoin|2021-03-11 11:22:52.771099
jessikacamacho|100+|MERCANTIL|Valencia 2001, Carabobo, Venezuela|ONLINE_SELL|105605163539.96|LocalBitcoin|bitcoin|2021-03-11 11:22:52.771099
Ampa8695|100+|MERCANTIL|Venezuela|ONLINE_SELL|105605163539.96|LocalBitcoin|bitcoin|2021-03-11 11:22:52.771099
Ampa8695|100+|MERCANTIL|Venezuela|ONLINE_SELL|105605163539.96|LocalBitcoin|bitcoin|2021-03-11 11:22:52.771099
Ampa8695|100+|BICENTENARIO|Venezuela|ONLINE_SELL|105605163539.96|LocalBitcoin|bitcoin|2021-03-11 11:22:52.771099
Ampa8695|100+|MERCANTIL|Venezuela|ONLINE_SELL|105605163539.96|LocalBitcoin|bitcoin|2021-03-11 11:22:52.771099
Ampa8695|100+|BICENTENARIO|Venezuela|ONLINE_SELL|105605163539.96|LocalBitcoin|bitcoin|2021-03-11 11:22:52.771099
Ampa8695|100+|MERCANTIL|Venezuela|ONLINE_SELL|105605163539.96|LocalBitcoin|bitcoin|2021-03-11 11:22:52.771099
Ampa8695|100+|BICENTENARIO|Venezuela|ONLINE_SELL|105605163539.96|LocalBitcoin|bitcoin|2021-03-11 11:22:52.771099
DolaresEnVzla|1,100 |"*Cash deposit""Pago Movil - cualquier banco"|Venezuela San Antonio del T√°chira|ONLY_SELL|Bs.S 750K to 5,50MBs.S 3,63B4% below market|localcryptos|bitcoin|2021-03-11 11:22:53.511100
churonfeng|95 |"*Bank transfer""üü¢Banesco"|Venezuela Caracas|ONLY_SELL|Bs.S 30M to 1BBs.S 3,63B4% below market|localcryptos|bitcoin|2021-03-11 11:22:53.511100
jeff0102|190 |"*Bank transfer""Mercantil,BDV,Provincial,bansc"|Venezuela Caracas|ONLY_SELL|Bs.S 500K to 250MBs.S 3,25B14% below market|localcryptos|bitcoin|2021-03-11 11:22:53.511100
andersernesto|1,700 |"*Bank transfer""BANESCO"|Venezuela Caracas|ONLY_SELL|Bs.S 70M to 500MBs.S 2,64B30% below market|localcryptos|bitcoin|2021-03-11 11:22:53.511100
instacristhian|20,000 |"*Bank transfer""BANESCO PROVINCIAL MERCANTIL"|Venezuela Maracay|ONLY_SELL|Bs.S 10M to 150MBs.S 1,30B66% below market|localcryptos|bitcoin|2021-03-11 11:22:53.511100
Reyfollador|825 |"*PayPal""Paypal - Instantaneo"|Venezuela Caracas|ONLY_SELL|$100 to $200$10,219.810.2% below market|localcryptos|bitcoin|2021-03-11 11:22:53.511100
jaimeng123|600 |"Bank transfer""bdv-banesco-provincial"|Venezuela Ciudad GuayanaBs.S 5M to 200MBs.S 3,67B3% below market|ONLY_SELL|Sell|localcryptos|bitcoin|2021-03-11 11:22:53.511100
thekingpc|90 |"Bank transfer""PAGOMOVIL PROVINCIAL VENEZUELA"|Venezuela Caracas|ONLY_SELL|up to Bs.S 3MBs.S 2,46B35% below market|localcryptos|bitcoin|2021-03-11 11:22:53.511100
neomych|35 |"Bank transfer""tarjetas de video Rx470"|Venezuela Caracas|ONLY_SELL|$120 only$10,081.921.5% below market|localcryptos|bitcoin|2021-03-11 11:22:53.511100
whernandez|3,000 |"*Bank transfer""Pregunte por su Banco"|Venezuela Caracas|ONLY_SELL|Bs.S 2M to 8MBs.S 3,37B11% below market|localcryptos|bitcoin|2021-03-11 11:22:53.511100
oredo2|500 |"*Bank transfer""Banesco Panama"|Venezuela Caracas|ONLY_SELL|$20 to $300$9,109.6911% below market|localcryptos|bitcoin|2021-03-11 11:22:53.511100
fitomda||"Bank transfer""ACTIVO COMPRANDO PM"|Venezuela Caracas|ONLY_SELL|Bs.S 1M to 5MBs.S 3,74B1.2% below market|localcryptos|bitcoin|2021-03-11 11:22:53.511100
Enoc84||"Bank transfer""Compro Mercantil"|Venezuela Caracas|ONLY_SELL|Bs.S 5M to 20MBs.S 3,74B1% below market|localcryptos|bitcoin|2021-03-11 11:22:53.511100
MiguelDFM|30 |"*Bank transfer""MiguelFM"|Venezuela CumanacoaBs.S 100K to 18MBs.S 3,47B8.2% below market|ONLY_SELL|Sell|localcryptos|bitcoin|2021-03-11 11:22:53.511100
BitTrading||"Cash deposit""Pago m√≥vil."|Venezuela CaraballedaBs.S 1,50M to 2MBs.S 3,77B0.2% below market|ONLY_SELL|Sell|localcryptos|bitcoin|2021-03-11 11:22:53.511100
BitTrading||"Bank transfer""Pago m√≥vil."|Venezuela CaraballedaBs.S 1,50M to 2MBs.S 3,77B0.2% below market|ONLY_SELL|Sell|localcryptos|bitcoin|2021-03-11 11:22:53.511100
ASDFGHJKL|1,000 |"*Bank transfer""MERCANTIL - (Banco Mercantil)"|Venezuela Caracas|ONLY_SELL|Bs.S 10M to 200MBs.S 3,46B8.5% below market|localcryptos|bitcoin|2021-03-11 11:22:53.511100
Yreveh|70 |"*Bank transfer""pago banesco, venezuela y pm"|Venezuela Ciudad GuayanaBs.S 100K to 1MBs.S 3,44B9% below market|ONLY_SELL|Sell|localcryptos|bitcoin|2021-03-11 11:22:53.511100
samuel81||"Bank transfer""ULTRA FAST BANESCO-BOD"|Venezuela GuantaBs.S 500K to 15MBs.S 3,59B5.2% below market|ONLY_SELL|Sell|localcryptos|bitcoin|2021-03-11 11:22:53.511100
danieldavid2d2||"Cash (in person)""COMPRO BTC EFECTIVO USD"|Venezuela Caracas|ONLY_SELL|$300 only$5,117.7350% below market|localcryptos|bitcoin|2021-03-11 11:22:53.511100
Angelgalindez||"Cash (in person)""Compro"|Venezuela Araure$500 to $1.5K$10,379.691.4% above market|ONLY_SELL|Sell|localcryptos|bitcoin|2021-03-11 11:22:53.511100
luisurbina|100 |"*Bank transfer""BBVA PROVINCIAL y PAGO MOVIL"|Venezuela Lecher√≠asBs.S 2M onlyBs.S 3,59B5% below market|ONLY_SELL|Sell|localcryptos|bitcoin|2021-03-11 11:22:53.511100
bacancho|1,000 |"*Bank transfer""BANESCO PAGO RAPIDO"|Venezuela Caracas|ONLY_SELL|Bs.S 300K onlyBs.S 3,55B6.1% below market|localcryptos|bitcoin|2021-03-11 11:22:53.511100
KevinDems||"Bank transfer""BANESCO PANAM√Å"|Venezuela Caracas|ONLY_SELL|$100 to $1K$10,322.010.8% above market|localcryptos|bitcoin|2021-03-11 11:22:53.511100
Fr0stbyte7||"Cash (in person)""Compro BTC PAGO EN VERDES CASH"|Venezuela Baruta$100 to $250$8,700.2715% below market|ONLY_SELL|Sell|localcryptos|bitcoin|2021-03-11 11:22:53.511100
rick242012||"Bank transfer""Banesco, Pago Movil"|Venezuela Caracas|ONLY_SELL|Bs.S 3M onlyBs.S 3,59B5% below market|localcryptos|bitcoin|2021-03-11 11:22:53.511100
rick242012||"Cash deposit""Banesco, Pago Movil"|Venezuela Caracas|ONLY_SELL|Bs.S 3M onlyBs.S 3,59B5% below market|localcryptos|bitcoin|2021-03-11 11:22:53.511100
kennypual||"Bank transfer""banesco rapido"|Venezuela MaracaiboBs.S 100M to 1BBs.S 3,30B13% below market|ONLY_SELL|Sell|localcryptos|bitcoin|2021-03-11 11:22:53.511100
DolaresEnVzla|1,100 |"*Cash deposit""Pago Movil (cualquier banco)"|Venezuela San Antonio del T√°chira|ONLY_BUY|Bs.S 3M to 15MBs.S 4,23B3.2% above market|localcryptos|bitcoin|2021-03-11 11:22:53.131100
groyff5|40 |"Bank transfer""Banesco/Mercantil/Pago M√≥vil"|Venezuela Caracas|ONLY_BUY|Bs.S 10M to 45,50MBs.S 4,14B1% above market|localcryptos|bitcoin|2021-03-11 11:22:53.131100
castellano30|450 |"Bank transfer""Actv Banes/Prov/Pagomvil"|Venezuela Barquisimeto|ONLY_BUY|Bs.S 4M onlyBs.S 4,26B4.1% above market|localcryptos|bitcoin|2021-03-11 11:22:53.131100
deflick|1,000 |"*PAYEER""FAST AND HONEST"|Venezuela Caracas|ONLY_BUY|$30 to $500$11,605.197% above market|localcryptos|bitcoin|2021-03-11 11:22:53.131100
Otonn78|110 |"*Bank transfer""Banesco Siempre Online"|Venezuela Caracas|ONLY_BUY|Bs.S 3,50M to 60MBs.S 4,47B9.2% above market|localcryptos|bitcoin|2021-03-11 11:22:53.131100
whernandez|3,000 |"*Bank transfer""PAGO M√ìVIL, BANESCO, BdV, BBVA"|Venezuela Caracas|ONLY_BUY|Bs.S 20M to 30MBs.S 4,55B11% above market|localcryptos|bitcoin|2021-03-11 11:22:53.131100
Mr.cris.15||"Bank transfer""En linea- Solo BBVA-provincial"|Venezuela Caracas|ONLY_BUY|Bs.S 500K to 12MBs.S 5,29B29% above market|localcryptos|bitcoin|2021-03-11 11:22:53.131100
oli201814||"Bank transfer""Banesco-Venezuela- Pago movil"|Venezuela Barquisimeto|ONLY_BUY|Bs.S 6M to 8MBs.S 4,59B12% above market|localcryptos|bitcoin|2021-03-11 11:22:53.131100
manuelmendezm2||"Bank transfer""Banco de Venezuela"|Venezuela San Crist√≥bal|ONLY_BUY| Bs.S 5M to 200MBs.S 4,25B3.9% above market|localcryptos|bitcoin|2021-03-11 11:22:53.131100
DavidFlores||"Bank transfer""vendo BTC a buen precio"|Venezuela San CarlosCOL$50 to $200COL$42,08M4.9% above market|ONLY_BUY|Buy|localcryptos|bitcoin|2021-03-11 11:22:53.131100
thony97||"Bank transfer""no"|Venezuela Guasipati|ONLY_BUY|$500 only$11,065.452% above market|localcryptos|bitcoin|2021-03-11 11:22:53.131100
"Nostradamus251 tradeCash deposit""Banco Mercantil en Euros"|Venezuela Alto Barinas|‚Ç¨100 to ‚Ç¨500‚Ç¨10.863,4919% above market|Buy|ONLY_BUY||localcryptos|bitcoin|2021-03-11 11:22:53.131100
"Nostradamus251 tradeBank transfer""Banco Mercantil en Euros"|Venezuela Alto Barinas|‚Ç¨100 to ‚Ç¨500‚Ç¨10.863,4919% above market|Buy|ONLY_BUY||localcryptos|bitcoin|2021-03-11 11:22:53.131100
thony97||"Bank transfer""facil"|Venezuela Caracas|ONLY_BUY|$200 to $250$11,064.862% above market|localcryptos|bitcoin|2021-03-11 11:22:53.131100
josebroceo4||Bank transfer|Venezuela  o pago movil|ONLY_BUY|Venezuela Caracas|localcryptos|bitcoin|2021-03-11 11:22:53.131100
"Nostradamus251 tradeCash (in person)""VENDO BTC EN EUROS EFECTIVOS"|Venezuela Alto Barinas|‚Ç¨100 to ‚Ç¨500‚Ç¨10.863,4919% above market|Buy|ONLY_BUY||localcryptos|bitcoin|2021-03-11 11:22:53.131100
tabita|14 √≥rdenes|Banesco, Transferencia bancaria (Venezuela), Pago Movil, |Venezuela|ONLY_Sell|104,446,840,551.74|Binance|bitcoin|2021-03-11 11:24:58.905265
johang01|70 √≥rdenes|Banco Occidental de Descuento, |Venezuela|ONLY_Sell|102,670,000,020.00|Binance|bitcoin|2021-03-11 11:24:58.905265
xAnThOnYx ‚ö°|527 √≥rdenes|Banesco, |Venezuela|ONLY_Sell|102,668,430,266.45|Binance|bitcoin|2021-03-11 11:24:58.905265
Briggsup|2371 √≥rdenes|Banesco, |Venezuela|ONLY_Sell|102,338,424,852.55|Binance|bitcoin|2021-03-11 11:24:58.905265
‚ù§Ô∏èYannel‚ù§Ô∏èBANESCO‚≠êÔ∏è|57 √≥rdenes|Banesco, |Venezuela|ONLY_Sell|102,200,000,000.00|Binance|bitcoin|2021-03-11 11:24:58.905265
JuanCash|331 √≥rdenes|Mercantil, |Venezuela|ONLY_Sell|102,127,028,102.84|Binance|bitcoin|2021-03-11 11:24:58.905265
davidzerpav|0 √≥rdenes|Mercantil, |Venezuela|ONLY_Sell|102,126,843,870.57|Binance|bitcoin|2021-03-11 11:24:58.905265
JFTL10|207 √≥rdenes|Banesco, |Venezuela|ONLY_Sell|102,000,900,000.00|Binance|bitcoin|2021-03-11 11:24:58.905265
josenogueraG|82 √≥rdenes|Provincial, |Venezuela|ONLY_Sell|101,801,000,000.00|Binance|bitcoin|2021-03-11 11:24:58.905265
xAnThOnYx ‚ö°|527 √≥rdenes|Provincial, |Venezuela|ONLY_Sell|101,744,414,394.05|Binance|bitcoin|2021-03-11 11:24:58.905265
Kross000|360 √≥rdenes|Mercantil, Pago Movil, |Venezuela|ONLY_Sell|101,465,687,100.72|Binance|bitcoin|2021-03-11 11:24:58.905265
AngelSantamaria|30 √≥rdenes|Banesco, |Venezuela|ONLY_Sell|101,277,000,000.00|Binance|bitcoin|2021-03-11 11:24:58.905265
germanmoreno17|355 √≥rdenes|Banesco, |Venezuela|ONLY_Sell|101,252,747,568.51|Binance|bitcoin|2021-03-11 11:24:58.905265
Jose Paredez|525 √≥rdenes|Mercantil, |Venezuela|ONLY_Sell|101,146,277,802.40|Binance|bitcoin|2021-03-11 11:24:58.905265
‚ôê‚ú¥Ô∏èCryptoPower‚ú¥Ô∏è|1846 √≥rdenes|Mercantil, |Venezuela|ONLY_Sell|101,146,277,802.40|Binance|bitcoin|2021-03-11 11:24:58.905265
velr123|238 √≥rdenes|Transferencia bancaria (Venezuela), Provincial, |Venezuela|ONLY_Sell|101,010,000,000.00|Binance|bitcoin|2021-03-11 11:24:58.905265
OrestesG7|316 √≥rdenes|Banesco, Mercantil, |Venezuela|ONLY_Sell|100,613,928,971.86|Binance|bitcoin|2021-03-11 11:24:58.905265
MERLYS DIVISAS|505 √≥rdenes|Banesco, Transferencia bancaria (Venezuela), Mercantil, |Venezuela|ONLY_Sell|100,262,578,743.71|Binance|bitcoin|2021-03-11 11:24:58.905265
yermar|422 √≥rdenes|Transferencia bancaria (Venezuela), Pago Movil, |Venezuela|ONLY_Sell|99,301,000,000.00|Binance|bitcoin|2021-03-11 11:24:58.905265
Jlcs22‚úì|1105 √≥rdenes|Banesco, Transferencia bancaria (Venezuela), Pago Movil, |Venezuela|ONLY_Sell|99,123,352,246.35|Binance|bitcoin|2021-03-11 11:24:58.905265
TuPuntoBTC|1583 √≥rdenes|Transferencia bancaria (Venezuela), Pago Movil, |Venezuela|ONLY_Sell|99,049,711,762.08|Binance|bitcoin|2021-03-11 11:24:58.905265
Andres_87|2 √≥rdenes|Transferencia bancaria (Venezuela), Pago Movil, Transferencia con banco espec√≠fico, |Venezuela|ONLY_Sell|99,000,000,000.00|Binance|bitcoin|2021-03-11 11:24:58.905265
yahibf|265 √≥rdenes|Provincial, Transferencia con banco espec√≠fico, |Venezuela|ONLY_Sell|98,931,890,523.27|Binance|bitcoin|2021-03-11 11:24:58.905265
Rommy|385 √≥rdenes|Banesco, Mercantil, Pago Movil, |Venezuela|ONLY_Sell|98,250,000,000.00|Binance|bitcoin|2021-03-11 11:24:58.905265
DarwinGS|469 √≥rdenes|Banesco, Mercantil, Pago Movil, |Venezuela|ONLY_Sell|97,419,835,988.63|Binance|bitcoin|2021-03-11 11:24:58.905265
miket1903|157 √≥rdenes|Transferencia bancaria (Venezuela), Pago Movil, Provincial, |Venezuela|ONLY_Sell|96,887,487,158.09|Binance|bitcoin|2021-03-11 11:24:58.905265
lgabriel04|13 √≥rdenes|Provincial, |Venezuela|ONLY_Sell|96,000,000,000.00|Binance|bitcoin|2021-03-11 11:24:58.905265
the Money thean|2 √≥rdenes|Pago Movil, |Venezuela|ONLY_Sell|95,822,789,497.01|Binance|bitcoin|2021-03-11 11:24:58.905265
Sunlight Ss|350 √≥rdenes|Transferencia bancaria (Venezuela), Mercantil, Pago Movil, |Venezuela|ONLY_Sell|95,822,789,497.01|Binance|bitcoin|2021-03-11 11:24:58.905265
MultiCambioDigital|224 √≥rdenes|Pago Movil, Provincial, Banco Occidental de Descuento, |Venezuela|ONLY_Sell|95,822,789,497.01|Binance|bitcoin|2021-03-11 11:24:58.905265
‚òÅÔ∏è monono07 ‚òÅÔ∏è|536 √≥rdenes|Transferencia Bancaria, Pago Movil, Transferencia con banco espec√≠fico, |Venezuela|ONLY_Sell|94,758,091,835.93|Binance|bitcoin|2021-03-11 11:24:58.905265
RaymondSS|21 √≥rdenes|Banesco, Transferencia bancaria (Venezuela), Pago Movil, |Venezuela|ONLY_Sell|94,225,743,005.39|Binance|bitcoin|2021-03-11 11:24:58.905265
‚ôê‚ú¥Ô∏èCryptoPower‚ú¥Ô∏è|1846 √≥rdenes|Banesco, Mercantil, Pago Movil, |Venezuela|ONLY_Sell|93,693,394,174.86|Binance|bitcoin|2021-03-11 11:24:58.905265
kboyyy|177 √≥rdenes|Provincial, |Venezuela|ONLY_Sell|93,600,000,000.00|Binance|bitcoin|2021-03-11 11:24:58.905265
CryptoFIAT|554 √≥rdenes|Pago Movil, Transferencia con banco espec√≠fico, Banco Occidental de Descuento, |Venezuela|ONLY_Sell|91,055,338,948.89|Binance|bitcoin|2021-03-11 11:24:58.905265
criptovzla|2 √≥rdenes|Banesco, Pago Movil, |Venezuela|ONLY_Sell|90,499,301,191.62|Binance|bitcoin|2021-03-11 11:24:58.905265
Mashak|7 √≥rdenes|Transferencia bancaria (Venezuela), Pago Movil, Transferencia con banco espec√≠fico, |Venezuela|ONLY_Sell|90,000,000,000.00|Binance|bitcoin|2021-03-11 11:24:58.905265
CryptoFIAT|554 √≥rdenes|Banesco, Transferencia bancaria (Venezuela), Mercantil, |Venezuela|ONLY_Sell|89,097,159,616.65|Binance|bitcoin|2021-03-11 11:24:58.905265
RE TRADER VEN|119 √≥rdenes|Banesco, Transferencia bancaria (Venezuela), Mercantil, |Venezuela|ONLY_Sell|87,305,208,208.39|Binance|bitcoin|2021-03-11 11:24:58.905265
BlockchainX|26 √≥rdenes|Banesco, |Venezuela|ONLY_Sell|85,175,812,886.23|Binance|bitcoin|2021-03-11 11:24:58.905265
criptoglob|17 √≥rdenes|Provincial, |Venezuela|ONLY_Sell|85,175,812,886.23|Binance|bitcoin|2021-03-11 11:24:58.905265
paencima|83 √≥rdenes|Transferencia bancaria (Venezuela), Provincial, |Venezuela|ONLY_Sell|85,175,812,886.23|Binance|bitcoin|2021-03-11 11:24:58.905265
paencima|83 √≥rdenes|Banesco, Mercantil, Pago Movil, |Venezuela|ONLY_Sell|85,175,812,886.23|Binance|bitcoin|2021-03-11 11:24:58.905265
yocriptotrade|157 √≥rdenes|Banesco, Provincial, Banco Occidental de Descuento, |Venezuela|ONLY_Sell|80,100,164,430.14|Binance|bitcoin|2021-03-11 11:24:58.905265
Alex Lopez|13 √≥rdenes|Banesco, |Venezuela|ONLY_Sell|71,091,019,011.00|Binance|bitcoin|2021-03-11 11:24:58.905265
bless20|2267 √≥rdenes|Pago Movil, Banco Occidental de Descuento, |Venezuela|ONLY_Sell|71,000,000,000.00|Binance|bitcoin|2021-03-11 11:24:58.905265
WilQ1984|6 √≥rdenes|Banesco, Transferencia bancaria (Venezuela), Pago Movil, |Venezuela|ONLY_Sell|65,012,523,560.01|Binance|bitcoin|2021-03-11 11:24:58.905265
berbesivictor|10 √≥rdenes|Mercantil, |Venezuela|ONLY_Sell|63,610,000,000.00|Binance|bitcoin|2021-03-11 11:24:58.905265
toroconfuerza|83 √≥rdenes|Banesco, Mercantil, Provincial, |Venezuela|ONLY_Sell|57,000,000,000.00|Binance|bitcoin|2021-03-11 11:24:58.905265
Robnell|14 √≥rdenes|Banesco, Mercantil, Pago Movil, |Venezuela|ONLY_Sell|42,500,000,000.00|Binance|bitcoin|2021-03-11 11:24:58.905265
IOFPCOIN|747 √≥rdenes|Transferencia bancaria (Venezuela), Pago Movil, Provincial, |Venezuela|ONLY_Sell|41,043,489,797.88|Binance|bitcoin|2021-03-11 11:24:58.905265
‚≠ê‚öúTHE_MASTER_76Ô∏è‚öúÔ∏è‚≠ê|116 √≥rdenes|Banesco, Mercantil, Provincial, |Venezuela|ONLY_Sell|28,790,000,000.00|Binance|bitcoin|2021-03-11 11:24:58.905265
Oshunloyarde2020|0 √≥rdenes|Banco Occidental de Descuento, |Venezuela|ONLY_Sell|3,993,163,165.98|Binance|bitcoin|2021-03-11 11:24:58.905265
gregorio parra|0 √≥rdenes|Transferencia con banco espec√≠fico, |Venezuela|ONLY_Sell|2,870,000,000.00|Binance|bitcoin|2021-03-11 11:24:58.905265
CRIPTOGP|0 √≥rdenes|Transferencia bancaria (Venezuela), |Venezuela|ONLY_Sell|2,045,000,000.00|Binance|bitcoin|2021-03-11 11:24:58.905265
IOFPCOIN|747 √≥rdenes|Transferencia bancaria (Venezuela), Pago Movil, Provincial, |Venezuela|ONLY_Sell|41,043,489,797.88|Binance|bitcoin|2021-03-11 11:24:58.905265
‚≠ê‚öúTHE_MASTER_76Ô∏è‚öúÔ∏è‚≠ê|116 √≥rdenes|Banesco, Mercantil, Provincial, |Venezuela|ONLY_Sell|28,790,000,000.00|Binance|bitcoin|2021-03-11 11:24:58.905265
Oshunloyarde2020|0 √≥rdenes|Banco Occidental de Descuento, |Venezuela|ONLY_Sell|3,993,163,165.98|Binance|bitcoin|2021-03-11 11:24:58.905265
gregorio parra|0 √≥rdenes|Transferencia con banco espec√≠fico, |Venezuela|ONLY_Sell|2,870,000,000.00|Binance|bitcoin|2021-03-11 11:24:58.905265
CRIPTOGP|0 √≥rdenes|Transferencia bancaria (Venezuela), |Venezuela|ONLY_Sell|2,045,000,000.00|Binance|bitcoin|2021-03-11 11:24:58.905265
ajmorillov|72 √≥rdenes|Banesco, Mercantil, Pago Movil, |Venezuela|ONLY_BUY|103,000,000,000.00|Binance|bitcoin|2021-03-11 11:23:54.162707
a_cardona|933 √≥rdenes|Banesco, Transferencia bancaria (Venezuela), Pago Movil, |Venezuela|ONLY_BUY|103,500,000,000.00|Binance|bitcoin|2021-03-11 11:23:54.162707
Briggsup|2371 √≥rdenes|Banesco, Pago Movil, |Venezuela|ONLY_BUY|103,733,493,118.82|Binance|bitcoin|2021-03-11 11:23:54.162707
AbrahamR|326 √≥rdenes|Pago Movil, Provincial, |Venezuela|ONLY_BUY|103,808,021,955.10|Binance|bitcoin|2021-03-11 11:23:54.162707
criptomer|12 √≥rdenes|Mercantil, Pago Movil, Provincial, |Venezuela|ONLY_BUY|103,808,021,955.10|Binance|bitcoin|2021-03-11 11:23:54.162707
josegabriel2612|77 √≥rdenes|Mercantil, Pago Movil, |Venezuela|ONLY_BUY|103,900,794,047.26|Binance|bitcoin|2021-03-11 11:23:54.162707
LEINITH|221 √≥rdenes|Banesco, Pago Movil, |Venezuela|ONLY_BUY|103,914,491,721.20|Binance|bitcoin|2021-03-11 11:23:54.162707
gmc|664 √≥rdenes|Banesco, Mercantil, Provincial, |Venezuela|ONLY_BUY|104,000,000,000.00|Binance|bitcoin|2021-03-11 11:23:54.162707
KAELTA|183 √≥rdenes|Mercantil, Pago Movil, Provincial, |Venezuela|ONLY_BUY|104,063,549,393.75|Binance|bitcoin|2021-03-11 11:23:54.162707
dmsTrader|11 √≥rdenes|Mercantil, Pago Movil, Provincial, |Venezuela|ONLY_BUY|104,074,196,370.37|Binance|bitcoin|2021-03-11 11:23:54.162707
Criptonito|13 √≥rdenes|Mercantil, Provincial, Banco Occidental de Descuento, |Venezuela|ONLY_BUY|104,074,196,370.37|Binance|bitcoin|2021-03-11 11:23:54.162707
Bory05|145 √≥rdenes|Banesco, Transferencia bancaria (Venezuela), Provincial, |Venezuela|ONLY_BUY|104,800,000,000.00|Binance|bitcoin|2021-03-11 11:23:54.162707
victorf444|26 √≥rdenes|Banco Occidental de Descuento, |Venezuela|ONLY_BUY|106,310,061,458.63|Binance|bitcoin|2021-03-11 11:23:54.162707
froks2009|54 √≥rdenes|Banesco, Transferencia bancaria (Venezuela), |Venezuela|ONLY_BUY|106,469,766,107.79|Binance|bitcoin|2021-03-11 11:23:54.162707
fabianr18|5 √≥rdenes|Mercantil, |Venezuela|ONLY_BUY|106,469,766,107.79|Binance|bitcoin|2021-03-11 11:23:54.162707
JotaExchange|8 √≥rdenes|Pago Movil, |Venezuela|ONLY_BUY|108,980,533,314.40|Binance|bitcoin|2021-03-11 11:23:54.162707
TuPuntoBTC|1583 √≥rdenes|Transferencia bancaria (Venezuela), Pago Movil, |Venezuela|ONLY_BUY|110,728,556,752.10|Binance|bitcoin|2021-03-11 11:23:54.162707
‚úîÔ∏èCriptoCambiosVzla‚≠ê|508 √≥rdenes|Pago Movil, Transferencia con banco espec√≠fico, Banco Occidental de Descuento, |Venezuela|ONLY_BUY|110,796,347,662.54|Binance|bitcoin|2021-03-11 11:23:54.162707
Crypton|85 √≥rdenes|Banesco, Transferencia bancaria (Venezuela), Provincial, |Venezuela|ONLY_BUY|111,793,254,413.18|Binance|bitcoin|2021-03-11 11:23:54.162707
Danpuro|54 √≥rdenes|Transferencia bancaria (Venezuela), Mercantil, Banco Occidental de Descuento, |Venezuela|ONLY_BUY|114,348,528,799.77|Binance|bitcoin|2021-03-11 11:23:54.162707
Zrojo|149 √≥rdenes|Banesco, Transferencia bancaria (Venezuela), Provincial, |Venezuela|ONLY_BUY|314,085,810,017.99|Binance|bitcoin|2021-03-11 11:23:54.162707
Zrojo|149 √≥rdenes|Banesco, Transferencia bancaria (Venezuela), Provincial, |Venezuela|ONLY_BUY|314,085,810,017.99|Binance|bitcoin|2021-03-11 11:23:54.162707
